variant,label,positives,auroc,threshold,balanced_acc
1lead_II,ABNORMAL ECG,0,,,
1lead_II,NORMAL SINUS RHYTHM,0,,,
1lead_II,NORMAL ECG,963,0.8013,0.2,0.7172
1lead_II,SINUS RHYTHM,1674,0.8174,0.97,0.7722
1lead_II,SINUS BRADYCARDIA,64,0.9522,0.9,0.9136
1lead_II,ATRIAL FIBRILLATION,152,0.9822,0.61,0.9609
1lead_II,SINUS TACHYCARDIA,82,0.9922,0.76,0.9798
1lead_II,otherwise normal ecg,0,,,
1lead_II,LEFT AXIS DEVIATION,0,,,
1lead_II,PREMATURE VENTRICULAR COMPLEXES,114,0.9086,0.69,0.8475
1lead_II,BORDERLINE ECG,0,,,
1lead_II,RIGHT BUNDLE BRANCH BLOCK,166,0.8189,0.32,0.7564
1lead_II,SEPTAL INFARCT,234,0.7644,0.34,0.7026
1lead_II,LEFT ATRIAL ENLARGEMENT,42,0.7416,0.28,0.7012
1lead_II,NONSPECIFIC T WAVE ABNORMALITY,0,,,
1lead_II,LOW VOLTAGE QRS,322,0.6258,0.29,0.5899
1lead_II,PREMATURE ATRIAL COMPLEXES,0,,,
1lead_II,ANTERIOR INFARCT,35,0.5847,0.16,0.5956
1lead_II,INCOMPLETE RIGHT BUNDLE BRANCH BLOCK,0,,,
1lead_II,PREMATURE SUPRAVENTRICULAR COMPLEXES,0,,,
1lead_II,LEFT BUNDLE BRANCH BLOCK,62,0.9593,0.09,0.9153
1lead_II,NONSPECIFIC T WAVE ABNORMALITY NOW EVIDENT IN,0,,,
1lead_II,NONSPECIFIC T WAVE ABNORMALITY NO LONGER EVIDENT IN,0,,,
1lead_II,T WAVE INVERSION NOW EVIDENT IN,0,,,
1lead_II,LATERAL INFARCT,100,0.7961,0.14,0.728
1lead_II,NONSPECIFIC ST ABNORMALITY,0,,,
1lead_II,LEFT VENTRICULAR HYPERTROPHY,234,0.7057,0.12,0.6562
1lead_II,T WAVE INVERSION NO LONGER EVIDENT IN,0,,,
1lead_II,WITH RAPID VENTRICULAR RESPONSE,0,,,
1lead_II,QT HAS SHORTENED,0,,,
1lead_II,QT HAS LENGTHENED,11,,,
1lead_II,FUSION COMPLEXES,0,,,
1lead_II,ATRIAL FLUTTER,7,,,
1lead_II,MARKED SINUS BRADYCARDIA,0,,,
1lead_II,WITH SINUS ARRHYTHMIA,0,,,
1lead_II,NONSPECIFIC ST AND T WAVE ABNORMALITY,0,,,
1lead_II,LEFT ANTERIOR FASCICULAR BLOCK,162,0.4132,0.01,0.5048
1lead_II,RIGHT AXIS DEVIATION,0,,,
1lead_II,ECTOPIC ATRIAL RHYTHM,0,,,
1lead_II,UNDETERMINED RHYTHM,0,,,
1lead_II,ANTEROSEPTAL INFARCT,234,0.6955,0.13,0.6484
1lead_II,RIGHTWARD AXIS,0,,,
1lead_II,ST NOW DEPRESSED IN,0,,,
1lead_II,WITH SHORT PR,0,,,
1lead_II,WITH MARKED SINUS ARRHYTHMIA,0,,,
1lead_II,ST NO LONGER DEPRESSED IN,0,,,
1lead_II,INVERTED T WAVES HAVE REPLACED NONSPECIFIC T WAVE ABNORMALITY IN,0,,,
1lead_II,NON-SPECIFIC CHANGE IN ST SEGMENT IN,0,,,
1lead_II,NONSPECIFIC T WAVE ABNORMALITY HAS REPLACED INVERTED T WAVES IN,0,,,
1lead_II,JUNCTIONAL RHYTHM,0,,,
1lead_II,ELECTRONIC ATRIAL PACEMAKER,28,0.7987,0.04,0.7194
1lead_II,ABERRANT CONDUCTION,0,,,
1lead_II,ELECTRONIC VENTRICULAR PACEMAKER,0,,,
1lead_II,T WAVE INVERSION LESS EVIDENT IN,0,,,
1lead_II,ANTEROLATERAL INFARCT,27,0.7174,0.09,0.6706
1lead_II,WITH REPOLARIZATION ABNORMALITY,0,,,
1lead_II,RSR' OR QR PATTERN IN V1 SUGGESTS RIGHT VENTRICULAR CONDUCTION DELAY,0,,,
1lead_II,T WAVE INVERSION MORE EVIDENT IN,0,,,
1lead_II,WIDE QRS RHYTHM,0,,,
1lead_II,WITH PREMATURE VENTRICULAR OR ABERRANTLY CONDUCTED COMPLEXES,0,,,
1lead_II,RIGHT ATRIAL ENLARGEMENT,10,,,
1lead_II,INFERIOR INFARCT,267,0.6234,0.04,0.5884
1lead_II,INCOMPLETE LEFT BUNDLE BRANCH BLOCK,0,,,
1lead_II,VOLTAGE CRITERIA FOR LEFT VENTRICULAR HYPERTROPHY,0,,,
1lead_II,OR DIGITALIS EFFECT,0,,,
1lead_II,BIFASCICULAR BLOCK,0,,,
1lead_II,ST NO LONGER ELEVATED IN,0,,,
1lead_II,WITH SLOW VENTRICULAR RESPONSE,0,,,
1lead_II,ST ELEVATION NOW PRESENT IN,0,,,
1lead_II,PREMATURE ECTOPIC COMPLEXES,0,,,
1lead_II,LEFT POSTERIOR FASCICULAR BLOCK,18,,,
1lead_II,T WAVE AMPLITUDE HAS DECREASED IN,0,,,
1lead_II,WITH A COMPETING JUNCTIONAL PACEMAKER,0,,,
1lead_II,RIGHT SUPERIOR AXIS DEVIATION,0,,,
1lead_II,BIATRIAL ENLARGEMENT,0,,,
1lead_II,VENTRICULAR-PACED RHYTHM,0,,,
1lead_II,ATRIAL-PACED RHYTHM,0,,,
1lead_II,T WAVE AMPLITUDE HAS INCREASED IN,0,,,
1lead_II,WITH QRS WIDENING,322,0.5015,0.01,0.5159
1lead_II,WITH 1ST DEGREE AV BLOCK,79,0.8303,0.01,0.6752
1lead_II,PROLONGED QT,0,,,
1lead_II,WITH PROLONGED AV CONDUCTION,0,,,
1lead_II,RIGHT VENTRICULAR HYPERTROPHY,12,,,
1lead_II,WITH QRS WIDENING AND REPOLARIZATION ABNORMALITY,0,,,
1lead_II,ATRIAL-SENSED VENTRICULAR-PACED RHYTHM,0,,,
1lead_II,AV SEQUENTIAL OR DUAL CHAMBER ELECTRONIC PACEMAKER,0,,,
1lead_II,PULMONARY DISEASE PATTERN,0,,,
1lead_II,ACUTE MI / STEMI,0,,,
1lead_II,INFERIOR-POSTERIOR INFARCT,0,,,
1lead_II,NONSPECIFIC INTRAVENTRICULAR CONDUCTION DELAY,0,,,
1lead_II,PREMATURE VENTRICULAR AND FUSION COMPLEXES,0,,,
1lead_II,IN A PATTERN OF BIGEMINY,0,,,
1lead_II,AV DUAL-PACED RHYTHM,0,,,
1lead_II,SUPRAVENTRICULAR TACHYCARDIA,5,,,
1lead_II,VENTRICULAR-PACED COMPLEXES,0,,,
1lead_II,WIDE QRS TACHYCARDIA,0,,,
1lead_II,RSR' PATTERN IN V1,0,,,
1lead_II,ST LESS DEPRESSED IN,0,,,
1lead_II,VENTRICULAR TACHYCARDIA,5,,,
1lead_II,EARLY REPOLARIZATION,0,,,
1lead_II,ST MORE DEPRESSED IN,0,,,
1lead_II,ANTEROLATERAL LEADS,66,0.5571,0.03,0.5623
1lead_II,ELECTRONIC DEMAND PACING,0,,,
1lead_II,RBBB AND LEFT ANTERIOR FASCICULAR BLOCK,0,,,
1lead_II,LATERAL INJURY PATTERN,0,,,
1lead_II,BIVENTRICULAR PACEMAKER DETECTED,0,,,
1lead_II,SUSPECT UNSPECIFIED PACEMAKER FAILURE,0,,,
1lead_II,WOLFF-PARKINSON-WHITE,8,,,
1lead_II,WITH VENTRICULAR ESCAPE COMPLEXES,0,,,
1lead_II,INFERIOR INJURY PATTERN,0,,,
1lead_II,CONSIDER RIGHT VENTRICULAR INVOLVEMENT IN ACUTE INFERIOR INFARCT,0,,,
1lead_II,ST ELEVATION HAS REPLACED ST DEPRESSION IN,0,,,
1lead_II,NONSPECIFIC INTRAVENTRICULAR BLOCK,79,0.6613,0.01,0.5702
1lead_II,MASKED BY FASCICULAR BLOCK,0,,,
1lead_II,PEDIATRIC ECG ANALYSIS,0,,,
1lead_II,BLOCKED,0,,,
1lead_II,WITH UNDETERMINED RHYTHM IRREGULARITY,0,,,
1lead_II,LEFTWARD AXIS,0,,,
1lead_II,WITH 2ND DEGREE SA BLOCK MOBITZ I,0,,,
1lead_II,ACUTE,0,,,
1lead_II,ABNORMAL LEFT AXIS DEVIATION,0,,,
1lead_II,WITH COMPLETE HEART BLOCK,0,,,
1lead_II,NO P-WAVES FOUND,0,,,
1lead_II,ST LESS ELEVATED IN,0,,,
1lead_II,WITH RETROGRADE CONDUCTION,0,,,
1lead_II,ST MORE ELEVATED IN,0,,,
1lead_II,JUNCTIONAL BRADYCARDIA,0,,,
1lead_II,WITH VARIABLE AV BLOCK,0,,,
1lead_II,ANTERIOR INJURY PATTERN,0,,,
1lead_II,WITH JUNCTIONAL ESCAPE COMPLEXES,0,,,
1lead_II,ACUTE MI,0,,,
1lead_II,ACUTE PERICARDITIS,0,,,
1lead_II,POSTERIOR INFARCT,0,,,
1lead_II,IDIOVENTRICULAR RHYTHM,0,,,
1lead_II,WITH 2ND DEGREE SA BLOCK MOBITZ II,0,,,
1lead_II,R IN AVL,0,,,
1lead_II,SINUS/ATRIAL CAPTURE,0,,,
1lead_II,AV DUAL-PACED COMPLEXES,0,,,
1lead_II,INFEROLATERAL INJURY PATTERN,0,,,
1lead_II,RBBB AND LEFT POSTERIOR FASCICULAR BLOCK,0,,,
1lead_II,ANTEROLATERAL INJURY PATTERN,0,,,
1lead_II,ATRIAL-PACED COMPLEXES,0,,,
1lead_II,WITH SINUS PAUSE,0,,,
1lead_II,BIVENTRICULAR HYPERTROPHY,0,,,
1lead_II,ABNORMAL RIGHT AXIS DEVIATION,0,,,
1lead_II,SUPRAVENTRICULAR COMPLEXES,0,,,
1lead_II,WITH 2ND DEGREE AV BLOCK MOBITZ I,0,,,
1lead_II,WITH 2:1 AV CONDUCTION,0,,,
1lead_II,WITH AV DISSOCIATION,0,,,
1lead_II,MULTIFOCAL ATRIAL TACHYCARDIA,0,,,
1lead_I,ABNORMAL ECG,0,,,
1lead_I,NORMAL SINUS RHYTHM,0,,,
1lead_I,NORMAL ECG,963,0.7903,0.03,0.7104
1lead_I,SINUS RHYTHM,1674,0.8341,0.88,0.7716
1lead_I,SINUS BRADYCARDIA,64,0.9465,0.91,0.9139
1lead_I,ATRIAL FIBRILLATION,152,0.979,0.48,0.9557
1lead_I,SINUS TACHYCARDIA,82,0.9923,0.44,0.9833
1lead_I,otherwise normal ecg,0,,,
1lead_I,LEFT AXIS DEVIATION,0,,,
1lead_I,PREMATURE VENTRICULAR COMPLEXES,114,0.8772,0.5,0.8042
1lead_I,BORDERLINE ECG,0,,,
1lead_I,RIGHT BUNDLE BRANCH BLOCK,166,0.84,0.31,0.7644
1lead_I,SEPTAL INFARCT,234,0.8331,0.3,0.76
1lead_I,LEFT ATRIAL ENLARGEMENT,42,0.7077,0.15,0.6521
1lead_I,NONSPECIFIC T WAVE ABNORMALITY,0,,,
1lead_I,LOW VOLTAGE QRS,322,0.6047,0.32,0.5873
1lead_I,PREMATURE ATRIAL COMPLEXES,0,,,
1lead_I,ANTERIOR INFARCT,35,0.6683,0.13,0.6459
1lead_I,INCOMPLETE RIGHT BUNDLE BRANCH BLOCK,0,,,
1lead_I,PREMATURE SUPRAVENTRICULAR COMPLEXES,0,,,
1lead_I,LEFT BUNDLE BRANCH BLOCK,62,0.9825,0.38,0.9833
1lead_I,NONSPECIFIC T WAVE ABNORMALITY NOW EVIDENT IN,0,,,
1lead_I,NONSPECIFIC T WAVE ABNORMALITY NO LONGER EVIDENT IN,0,,,
1lead_I,T WAVE INVERSION NOW EVIDENT IN,0,,,
1lead_I,LATERAL INFARCT,100,0.7813,0.12,0.7128
1lead_I,NONSPECIFIC ST ABNORMALITY,0,,,
1lead_I,LEFT VENTRICULAR HYPERTROPHY,234,0.7906,0.09,0.7251
1lead_I,T WAVE INVERSION NO LONGER EVIDENT IN,0,,,
1lead_I,WITH RAPID VENTRICULAR RESPONSE,0,,,
1lead_I,QT HAS SHORTENED,0,,,
1lead_I,QT HAS LENGTHENED,11,,,
1lead_I,FUSION COMPLEXES,0,,,
1lead_I,ATRIAL FLUTTER,7,,,
1lead_I,MARKED SINUS BRADYCARDIA,0,,,
1lead_I,WITH SINUS ARRHYTHMIA,0,,,
1lead_I,NONSPECIFIC ST AND T WAVE ABNORMALITY,0,,,
1lead_I,LEFT ANTERIOR FASCICULAR BLOCK,162,0.7744,0.05,0.7169
1lead_I,RIGHT AXIS DEVIATION,0,,,
1lead_I,ECTOPIC ATRIAL RHYTHM,0,,,
1lead_I,UNDETERMINED RHYTHM,0,,,
1lead_I,ANTEROSEPTAL INFARCT,234,0.8032,0.08,0.7256
1lead_I,RIGHTWARD AXIS,0,,,
1lead_I,ST NOW DEPRESSED IN,0,,,
1lead_I,WITH SHORT PR,0,,,
1lead_I,WITH MARKED SINUS ARRHYTHMIA,0,,,
1lead_I,ST NO LONGER DEPRESSED IN,0,,,
1lead_I,INVERTED T WAVES HAVE REPLACED NONSPECIFIC T WAVE ABNORMALITY IN,0,,,
1lead_I,NON-SPECIFIC CHANGE IN ST SEGMENT IN,0,,,
1lead_I,NONSPECIFIC T WAVE ABNORMALITY HAS REPLACED INVERTED T WAVES IN,0,,,
1lead_I,JUNCTIONAL RHYTHM,0,,,
1lead_I,ELECTRONIC ATRIAL PACEMAKER,28,0.8624,0.04,0.8233
1lead_I,ABERRANT CONDUCTION,0,,,
1lead_I,ELECTRONIC VENTRICULAR PACEMAKER,0,,,
1lead_I,T WAVE INVERSION LESS EVIDENT IN,0,,,
1lead_I,ANTEROLATERAL INFARCT,27,0.9226,0.05,0.8512
1lead_I,WITH REPOLARIZATION ABNORMALITY,0,,,
1lead_I,RSR' OR QR PATTERN IN V1 SUGGESTS RIGHT VENTRICULAR CONDUCTION DELAY,0,,,
1lead_I,T WAVE INVERSION MORE EVIDENT IN,0,,,
1lead_I,WIDE QRS RHYTHM,0,,,
1lead_I,WITH PREMATURE VENTRICULAR OR ABERRANTLY CONDUCTED COMPLEXES,0,,,
1lead_I,RIGHT ATRIAL ENLARGEMENT,10,,,
1lead_I,INFERIOR INFARCT,267,0.6385,0.07,0.5973
1lead_I,INCOMPLETE LEFT BUNDLE BRANCH BLOCK,0,,,
1lead_I,VOLTAGE CRITERIA FOR LEFT VENTRICULAR HYPERTROPHY,0,,,
1lead_I,OR DIGITALIS EFFECT,0,,,
1lead_I,BIFASCICULAR BLOCK,0,,,
1lead_I,ST NO LONGER ELEVATED IN,0,,,
1lead_I,WITH SLOW VENTRICULAR RESPONSE,0,,,
1lead_I,ST ELEVATION NOW PRESENT IN,0,,,
1lead_I,PREMATURE ECTOPIC COMPLEXES,0,,,
1lead_I,LEFT POSTERIOR FASCICULAR BLOCK,18,,,
1lead_I,T WAVE AMPLITUDE HAS DECREASED IN,0,,,
1lead_I,WITH A COMPETING JUNCTIONAL PACEMAKER,0,,,
1lead_I,RIGHT SUPERIOR AXIS DEVIATION,0,,,
1lead_I,BIATRIAL ENLARGEMENT,0,,,
1lead_I,VENTRICULAR-PACED RHYTHM,0,,,
1lead_I,ATRIAL-PACED RHYTHM,0,,,
1lead_I,T WAVE AMPLITUDE HAS INCREASED IN,0,,,
1lead_I,WITH QRS WIDENING,322,0.5423,0.01,0.5246
1lead_I,WITH 1ST DEGREE AV BLOCK,79,0.9155,0.02,0.8582
1lead_I,PROLONGED QT,0,,,
1lead_I,WITH PROLONGED AV CONDUCTION,0,,,
1lead_I,RIGHT VENTRICULAR HYPERTROPHY,12,,,
1lead_I,WITH QRS WIDENING AND REPOLARIZATION ABNORMALITY,0,,,
1lead_I,ATRIAL-SENSED VENTRICULAR-PACED RHYTHM,0,,,
1lead_I,AV SEQUENTIAL OR DUAL CHAMBER ELECTRONIC PACEMAKER,0,,,
1lead_I,PULMONARY DISEASE PATTERN,0,,,
1lead_I,ACUTE MI / STEMI,0,,,
1lead_I,INFERIOR-POSTERIOR INFARCT,0,,,
1lead_I,NONSPECIFIC INTRAVENTRICULAR CONDUCTION DELAY,0,,,
1lead_I,PREMATURE VENTRICULAR AND FUSION COMPLEXES,0,,,
1lead_I,IN A PATTERN OF BIGEMINY,0,,,
1lead_I,AV DUAL-PACED RHYTHM,0,,,
1lead_I,SUPRAVENTRICULAR TACHYCARDIA,5,,,
1lead_I,VENTRICULAR-PACED COMPLEXES,0,,,
1lead_I,WIDE QRS TACHYCARDIA,0,,,
1lead_I,RSR' PATTERN IN V1,0,,,
1lead_I,ST LESS DEPRESSED IN,0,,,
1lead_I,VENTRICULAR TACHYCARDIA,5,,,
1lead_I,EARLY REPOLARIZATION,0,,,
1lead_I,ST MORE DEPRESSED IN,0,,,
1lead_I,ANTEROLATERAL LEADS,66,0.7572,0.03,0.7178
1lead_I,ELECTRONIC DEMAND PACING,0,,,
1lead_I,RBBB AND LEFT ANTERIOR FASCICULAR BLOCK,0,,,
1lead_I,LATERAL INJURY PATTERN,0,,,
1lead_I,BIVENTRICULAR PACEMAKER DETECTED,0,,,
1lead_I,SUSPECT UNSPECIFIED PACEMAKER FAILURE,0,,,
1lead_I,WOLFF-PARKINSON-WHITE,8,,,
1lead_I,WITH VENTRICULAR ESCAPE COMPLEXES,0,,,
1lead_I,INFERIOR INJURY PATTERN,0,,,
1lead_I,CONSIDER RIGHT VENTRICULAR INVOLVEMENT IN ACUTE INFERIOR INFARCT,0,,,
1lead_I,ST ELEVATION HAS REPLACED ST DEPRESSION IN,0,,,
1lead_I,NONSPECIFIC INTRAVENTRICULAR BLOCK,79,0.6452,0.01,0.6377
1lead_I,MASKED BY FASCICULAR BLOCK,0,,,
1lead_I,PEDIATRIC ECG ANALYSIS,0,,,
1lead_I,BLOCKED,0,,,
1lead_I,WITH UNDETERMINED RHYTHM IRREGULARITY,0,,,
1lead_I,LEFTWARD AXIS,0,,,
1lead_I,WITH 2ND DEGREE SA BLOCK MOBITZ I,0,,,
1lead_I,ACUTE,0,,,
1lead_I,ABNORMAL LEFT AXIS DEVIATION,0,,,
1lead_I,WITH COMPLETE HEART BLOCK,0,,,
1lead_I,NO P-WAVES FOUND,0,,,
1lead_I,ST LESS ELEVATED IN,0,,,
1lead_I,WITH RETROGRADE CONDUCTION,0,,,
1lead_I,ST MORE ELEVATED IN,0,,,
1lead_I,JUNCTIONAL BRADYCARDIA,0,,,
1lead_I,WITH VARIABLE AV BLOCK,0,,,
1lead_I,ANTERIOR INJURY PATTERN,0,,,
1lead_I,WITH JUNCTIONAL ESCAPE COMPLEXES,0,,,
1lead_I,ACUTE MI,0,,,
1lead_I,ACUTE PERICARDITIS,0,,,
1lead_I,POSTERIOR INFARCT,0,,,
1lead_I,IDIOVENTRICULAR RHYTHM,0,,,
1lead_I,WITH 2ND DEGREE SA BLOCK MOBITZ II,0,,,
1lead_I,R IN AVL,0,,,
1lead_I,SINUS/ATRIAL CAPTURE,0,,,
1lead_I,AV DUAL-PACED COMPLEXES,0,,,
1lead_I,INFEROLATERAL INJURY PATTERN,0,,,
1lead_I,RBBB AND LEFT POSTERIOR FASCICULAR BLOCK,0,,,
1lead_I,ANTEROLATERAL INJURY PATTERN,0,,,
1lead_I,ATRIAL-PACED COMPLEXES,0,,,
1lead_I,WITH SINUS PAUSE,0,,,
1lead_I,BIVENTRICULAR HYPERTROPHY,0,,,
1lead_I,ABNORMAL RIGHT AXIS DEVIATION,0,,,
1lead_I,SUPRAVENTRICULAR COMPLEXES,0,,,
1lead_I,WITH 2ND DEGREE AV BLOCK MOBITZ I,0,,,
1lead_I,WITH 2:1 AV CONDUCTION,0,,,
1lead_I,WITH AV DISSOCIATION,0,,,
1lead_I,MULTIFOCAL ATRIAL TACHYCARDIA,0,,,
1lead_V1,ABNORMAL ECG,0,,,
1lead_V1,NORMAL SINUS RHYTHM,0,,,
1lead_V1,NORMAL ECG,963,0.6722,0.01,0.6404
1lead_V1,SINUS RHYTHM,1674,0.8315,0.98,0.7723
1lead_V1,SINUS BRADYCARDIA,64,0.9289,0.95,0.9084
1lead_V1,ATRIAL FIBRILLATION,152,0.9801,0.64,0.9602
1lead_V1,SINUS TACHYCARDIA,82,0.9873,0.82,0.9805
1lead_V1,otherwise normal ecg,0,,,
1lead_V1,LEFT AXIS DEVIATION,0,,,
1lead_V1,PREMATURE VENTRICULAR COMPLEXES,114,0.9484,0.23,0.8689
1lead_V1,BORDERLINE ECG,0,,,
1lead_V1,RIGHT BUNDLE BRANCH BLOCK,166,0.5342,0.41,0.5697
1lead_V1,SEPTAL INFARCT,234,0.7915,0.37,0.7361
1lead_V1,LEFT ATRIAL ENLARGEMENT,42,0.6479,0.23,0.6087
1lead_V1,NONSPECIFIC T WAVE ABNORMALITY,0,,,
1lead_V1,LOW VOLTAGE QRS,322,0.5943,0.07,0.5697
1lead_V1,PREMATURE ATRIAL COMPLEXES,0,,,
1lead_V1,ANTERIOR INFARCT,35,0.5477,0.17,0.5682
1lead_V1,INCOMPLETE RIGHT BUNDLE BRANCH BLOCK,0,,,
1lead_V1,PREMATURE SUPRAVENTRICULAR COMPLEXES,0,,,
1lead_V1,LEFT BUNDLE BRANCH BLOCK,62,0.9596,0.13,0.9315
1lead_V1,NONSPECIFIC T WAVE ABNORMALITY NOW EVIDENT IN,0,,,
1lead_V1,NONSPECIFIC T WAVE ABNORMALITY NO LONGER EVIDENT IN,0,,,
1lead_V1,T WAVE INVERSION NOW EVIDENT IN,0,,,
1lead_V1,LATERAL INFARCT,100,0.5546,0.95,0.5716
1lead_V1,NONSPECIFIC ST ABNORMALITY,0,,,
1lead_V1,LEFT VENTRICULAR HYPERTROPHY,234,0.6227,0.19,0.601
1lead_V1,T WAVE INVERSION NO LONGER EVIDENT IN,0,,,
1lead_V1,WITH RAPID VENTRICULAR RESPONSE,0,,,
1lead_V1,QT HAS SHORTENED,0,,,
1lead_V1,QT HAS LENGTHENED,11,,,
1lead_V1,FUSION COMPLEXES,0,,,
1lead_V1,ATRIAL FLUTTER,7,,,
1lead_V1,MARKED SINUS BRADYCARDIA,0,,,
1lead_V1,WITH SINUS ARRHYTHMIA,0,,,
1lead_V1,NONSPECIFIC ST AND T WAVE ABNORMALITY,0,,,
1lead_V1,LEFT ANTERIOR FASCICULAR BLOCK,162,0.6603,0.03,0.6001
1lead_V1,RIGHT AXIS DEVIATION,0,,,
1lead_V1,ECTOPIC ATRIAL RHYTHM,0,,,
1lead_V1,UNDETERMINED RHYTHM,0,,,
1lead_V1,ANTEROSEPTAL INFARCT,234,0.6695,0.11,0.6263
1lead_V1,RIGHTWARD AXIS,0,,,
1lead_V1,ST NOW DEPRESSED IN,0,,,
1lead_V1,WITH SHORT PR,0,,,
1lead_V1,WITH MARKED SINUS ARRHYTHMIA,0,,,
1lead_V1,ST NO LONGER DEPRESSED IN,0,,,
1lead_V1,INVERTED T WAVES HAVE REPLACED NONSPECIFIC T WAVE ABNORMALITY IN,0,,,
1lead_V1,NON-SPECIFIC CHANGE IN ST SEGMENT IN,0,,,
1lead_V1,NONSPECIFIC T WAVE ABNORMALITY HAS REPLACED INVERTED T WAVES IN,0,,,
1lead_V1,JUNCTIONAL RHYTHM,0,,,
1lead_V1,ELECTRONIC ATRIAL PACEMAKER,28,0.7249,0.03,0.6842
1lead_V1,ABERRANT CONDUCTION,0,,,
1lead_V1,ELECTRONIC VENTRICULAR PACEMAKER,0,,,
1lead_V1,T WAVE INVERSION LESS EVIDENT IN,0,,,
1lead_V1,ANTEROLATERAL INFARCT,27,0.5066,0.05,0.5399
1lead_V1,WITH REPOLARIZATION ABNORMALITY,0,,,
1lead_V1,RSR' OR QR PATTERN IN V1 SUGGESTS RIGHT VENTRICULAR CONDUCTION DELAY,0,,,
1lead_V1,T WAVE INVERSION MORE EVIDENT IN,0,,,
1lead_V1,WIDE QRS RHYTHM,0,,,
1lead_V1,WITH PREMATURE VENTRICULAR OR ABERRANTLY CONDUCTED COMPLEXES,0,,,
1lead_V1,RIGHT ATRIAL ENLARGEMENT,10,,,
1lead_V1,INFERIOR INFARCT,267,0.526,0.02,0.5259
1lead_V1,INCOMPLETE LEFT BUNDLE BRANCH BLOCK,0,,,
1lead_V1,VOLTAGE CRITERIA FOR LEFT VENTRICULAR HYPERTROPHY,0,,,
1lead_V1,OR DIGITALIS EFFECT,0,,,
1lead_V1,BIFASCICULAR BLOCK,0,,,
1lead_V1,ST NO LONGER ELEVATED IN,0,,,
1lead_V1,WITH SLOW VENTRICULAR RESPONSE,0,,,
1lead_V1,ST ELEVATION NOW PRESENT IN,0,,,
1lead_V1,PREMATURE ECTOPIC COMPLEXES,0,,,
1lead_V1,LEFT POSTERIOR FASCICULAR BLOCK,18,,,
1lead_V1,T WAVE AMPLITUDE HAS DECREASED IN,0,,,
1lead_V1,WITH A COMPETING JUNCTIONAL PACEMAKER,0,,,
1lead_V1,RIGHT SUPERIOR AXIS DEVIATION,0,,,
1lead_V1,BIATRIAL ENLARGEMENT,0,,,
1lead_V1,VENTRICULAR-PACED RHYTHM,0,,,
1lead_V1,ATRIAL-PACED RHYTHM,0,,,
1lead_V1,T WAVE AMPLITUDE HAS INCREASED IN,0,,,
1lead_V1,WITH QRS WIDENING,322,0.4881,0.09,0.5086
1lead_V1,WITH 1ST DEGREE AV BLOCK,79,0.7711,0.01,0.6303
1lead_V1,PROLONGED QT,0,,,
1lead_V1,WITH PROLONGED AV CONDUCTION,0,,,
1lead_V1,RIGHT VENTRICULAR HYPERTROPHY,12,,,
1lead_V1,WITH QRS WIDENING AND REPOLARIZATION ABNORMALITY,0,,,
1lead_V1,ATRIAL-SENSED VENTRICULAR-PACED RHYTHM,0,,,
1lead_V1,AV SEQUENTIAL OR DUAL CHAMBER ELECTRONIC PACEMAKER,0,,,
1lead_V1,PULMONARY DISEASE PATTERN,0,,,
1lead_V1,ACUTE MI / STEMI,0,,,
1lead_V1,INFERIOR-POSTERIOR INFARCT,0,,,
1lead_V1,NONSPECIFIC INTRAVENTRICULAR CONDUCTION DELAY,0,,,
1lead_V1,PREMATURE VENTRICULAR AND FUSION COMPLEXES,0,,,
1lead_V1,IN A PATTERN OF BIGEMINY,0,,,
1lead_V1,AV DUAL-PACED RHYTHM,0,,,
1lead_V1,SUPRAVENTRICULAR TACHYCARDIA,5,,,
1lead_V1,VENTRICULAR-PACED COMPLEXES,0,,,
1lead_V1,WIDE QRS TACHYCARDIA,0,,,
1lead_V1,RSR' PATTERN IN V1,0,,,
1lead_V1,ST LESS DEPRESSED IN,0,,,
1lead_V1,VENTRICULAR TACHYCARDIA,5,,,
1lead_V1,EARLY REPOLARIZATION,0,,,
1lead_V1,ST MORE DEPRESSED IN,0,,,
1lead_V1,ANTEROLATERAL LEADS,66,0.44,0.04,0.5008
1lead_V1,ELECTRONIC DEMAND PACING,0,,,
1lead_V1,RBBB AND LEFT ANTERIOR FASCICULAR BLOCK,0,,,
1lead_V1,LATERAL INJURY PATTERN,0,,,
1lead_V1,BIVENTRICULAR PACEMAKER DETECTED,0,,,
1lead_V1,SUSPECT UNSPECIFIED PACEMAKER FAILURE,0,,,
1lead_V1,WOLFF-PARKINSON-WHITE,8,,,
1lead_V1,WITH VENTRICULAR ESCAPE COMPLEXES,0,,,
1lead_V1,INFERIOR INJURY PATTERN,0,,,
1lead_V1,CONSIDER RIGHT VENTRICULAR INVOLVEMENT IN ACUTE INFERIOR INFARCT,0,,,
1lead_V1,ST ELEVATION HAS REPLACED ST DEPRESSION IN,0,,,
1lead_V1,NONSPECIFIC INTRAVENTRICULAR BLOCK,79,0.5842,0.01,0.5153
1lead_V1,MASKED BY FASCICULAR BLOCK,0,,,
1lead_V1,PEDIATRIC ECG ANALYSIS,0,,,
1lead_V1,BLOCKED,0,,,
1lead_V1,WITH UNDETERMINED RHYTHM IRREGULARITY,0,,,
1lead_V1,LEFTWARD AXIS,0,,,
1lead_V1,WITH 2ND DEGREE SA BLOCK MOBITZ I,0,,,
1lead_V1,ACUTE,0,,,
1lead_V1,ABNORMAL LEFT AXIS DEVIATION,0,,,
1lead_V1,WITH COMPLETE HEART BLOCK,0,,,
1lead_V1,NO P-WAVES FOUND,0,,,
1lead_V1,ST LESS ELEVATED IN,0,,,
1lead_V1,WITH RETROGRADE CONDUCTION,0,,,
1lead_V1,ST MORE ELEVATED IN,0,,,
1lead_V1,JUNCTIONAL BRADYCARDIA,0,,,
1lead_V1,WITH VARIABLE AV BLOCK,0,,,
1lead_V1,ANTERIOR INJURY PATTERN,0,,,
1lead_V1,WITH JUNCTIONAL ESCAPE COMPLEXES,0,,,
1lead_V1,ACUTE MI,0,,,
1lead_V1,ACUTE PERICARDITIS,0,,,
1lead_V1,POSTERIOR INFARCT,0,,,
1lead_V1,IDIOVENTRICULAR RHYTHM,0,,,
1lead_V1,WITH 2ND DEGREE SA BLOCK MOBITZ II,0,,,
1lead_V1,R IN AVL,0,,,
1lead_V1,SINUS/ATRIAL CAPTURE,0,,,
1lead_V1,AV DUAL-PACED COMPLEXES,0,,,
1lead_V1,INFEROLATERAL INJURY PATTERN,0,,,
1lead_V1,RBBB AND LEFT POSTERIOR FASCICULAR BLOCK,0,,,
1lead_V1,ANTEROLATERAL INJURY PATTERN,0,,,
1lead_V1,ATRIAL-PACED COMPLEXES,0,,,
1lead_V1,WITH SINUS PAUSE,0,,,
1lead_V1,BIVENTRICULAR HYPERTROPHY,0,,,
1lead_V1,ABNORMAL RIGHT AXIS DEVIATION,0,,,
1lead_V1,SUPRAVENTRICULAR COMPLEXES,0,,,
1lead_V1,WITH 2ND DEGREE AV BLOCK MOBITZ I,0,,,
1lead_V1,WITH 2:1 AV CONDUCTION,0,,,
1lead_V1,WITH AV DISSOCIATION,0,,,
1lead_V1,MULTIFOCAL ATRIAL TACHYCARDIA,0,,,
1lead_V5,ABNORMAL ECG,0,,,
1lead_V5,NORMAL SINUS RHYTHM,0,,,
1lead_V5,NORMAL ECG,963,0.8113,0.03,0.7289
1lead_V5,SINUS RHYTHM,1674,0.8214,0.97,0.77
1lead_V5,SINUS BRADYCARDIA,64,0.948,0.76,0.9113
1lead_V5,ATRIAL FIBRILLATION,152,0.9822,0.73,0.9635
1lead_V5,SINUS TACHYCARDIA,82,0.9897,0.51,0.9781
1lead_V5,otherwise normal ecg,0,,,
1lead_V5,LEFT AXIS DEVIATION,0,,,
1lead_V5,PREMATURE VENTRICULAR COMPLEXES,114,0.9379,0.23,0.893
1lead_V5,BORDERLINE ECG,0,,,
1lead_V5,RIGHT BUNDLE BRANCH BLOCK,166,0.8102,0.46,0.7303
1lead_V5,SEPTAL INFARCT,234,0.7996,0.18,0.7379
1lead_V5,LEFT ATRIAL ENLARGEMENT,42,0.7472,0.18,0.7241
1lead_V5,NONSPECIFIC T WAVE ABNORMALITY,0,,,
1lead_V5,LOW VOLTAGE QRS,322,0.5849,0.04,0.5659
1lead_V5,PREMATURE ATRIAL COMPLEXES,0,,,
1lead_V5,ANTERIOR INFARCT,35,0.6105,0.14,0.616
1lead_V5,INCOMPLETE RIGHT BUNDLE BRANCH BLOCK,0,,,
1lead_V5,PREMATURE SUPRAVENTRICULAR COMPLEXES,0,,,
1lead_V5,LEFT BUNDLE BRANCH BLOCK,62,0.9803,0.13,0.9696
1lead_V5,NONSPECIFIC T WAVE ABNORMALITY NOW EVIDENT IN,0,,,
1lead_V5,NONSPECIFIC T WAVE ABNORMALITY NO LONGER EVIDENT IN,0,,,
1lead_V5,T WAVE INVERSION NOW EVIDENT IN,0,,,
1lead_V5,LATERAL INFARCT,100,0.8241,0.1,0.7394
1lead_V5,NONSPECIFIC ST ABNORMALITY,0,,,
1lead_V5,LEFT VENTRICULAR HYPERTROPHY,234,0.821,0.31,0.744
1lead_V5,T WAVE INVERSION NO LONGER EVIDENT IN,0,,,
1lead_V5,WITH RAPID VENTRICULAR RESPONSE,0,,,
1lead_V5,QT HAS SHORTENED,0,,,
1lead_V5,QT HAS LENGTHENED,11,,,
1lead_V5,FUSION COMPLEXES,0,,,
1lead_V5,ATRIAL FLUTTER,7,,,
1lead_V5,MARKED SINUS BRADYCARDIA,0,,,
1lead_V5,WITH SINUS ARRHYTHMIA,0,,,
1lead_V5,NONSPECIFIC ST AND T WAVE ABNORMALITY,0,,,
1lead_V5,LEFT ANTERIOR FASCICULAR BLOCK,162,0.5892,0.02,0.5516
1lead_V5,RIGHT AXIS DEVIATION,0,,,
1lead_V5,ECTOPIC ATRIAL RHYTHM,0,,,
1lead_V5,UNDETERMINED RHYTHM,0,,,
1lead_V5,ANTEROSEPTAL INFARCT,234,0.7356,0.09,0.6909
1lead_V5,RIGHTWARD AXIS,0,,,
1lead_V5,ST NOW DEPRESSED IN,0,,,
1lead_V5,WITH SHORT PR,0,,,
1lead_V5,WITH MARKED SINUS ARRHYTHMIA,0,,,
1lead_V5,ST NO LONGER DEPRESSED IN,0,,,
1lead_V5,INVERTED T WAVES HAVE REPLACED NONSPECIFIC T WAVE ABNORMALITY IN,0,,,
1lead_V5,NON-SPECIFIC CHANGE IN ST SEGMENT IN,0,,,
1lead_V5,NONSPECIFIC T WAVE ABNORMALITY HAS REPLACED INVERTED T WAVES IN,0,,,
1lead_V5,JUNCTIONAL RHYTHM,0,,,
1lead_V5,ELECTRONIC ATRIAL PACEMAKER,28,0.7975,0.05,0.7472
1lead_V5,ABERRANT CONDUCTION,0,,,
1lead_V5,ELECTRONIC VENTRICULAR PACEMAKER,0,,,
1lead_V5,T WAVE INVERSION LESS EVIDENT IN,0,,,
1lead_V5,ANTEROLATERAL INFARCT,27,0.826,0.06,0.7726
1lead_V5,WITH REPOLARIZATION ABNORMALITY,0,,,
1lead_V5,RSR' OR QR PATTERN IN V1 SUGGESTS RIGHT VENTRICULAR CONDUCTION DELAY,0,,,
1lead_V5,T WAVE INVERSION MORE EVIDENT IN,0,,,
1lead_V5,WIDE QRS RHYTHM,0,,,
1lead_V5,WITH PREMATURE VENTRICULAR OR ABERRANTLY CONDUCTED COMPLEXES,0,,,
1lead_V5,RIGHT ATRIAL ENLARGEMENT,10,,,
1lead_V5,INFERIOR INFARCT,267,0.5373,0.02,0.532
1lead_V5,INCOMPLETE LEFT BUNDLE BRANCH BLOCK,0,,,
1lead_V5,VOLTAGE CRITERIA FOR LEFT VENTRICULAR HYPERTROPHY,0,,,
1lead_V5,OR DIGITALIS EFFECT,0,,,
1lead_V5,BIFASCICULAR BLOCK,0,,,
1lead_V5,ST NO LONGER ELEVATED IN,0,,,
1lead_V5,WITH SLOW VENTRICULAR RESPONSE,0,,,
1lead_V5,ST ELEVATION NOW PRESENT IN,0,,,
1lead_V5,PREMATURE ECTOPIC COMPLEXES,0,,,
1lead_V5,LEFT POSTERIOR FASCICULAR BLOCK,18,,,
1lead_V5,T WAVE AMPLITUDE HAS DECREASED IN,0,,,
1lead_V5,WITH A COMPETING JUNCTIONAL PACEMAKER,0,,,
1lead_V5,RIGHT SUPERIOR AXIS DEVIATION,0,,,
1lead_V5,BIATRIAL ENLARGEMENT,0,,,
1lead_V5,VENTRICULAR-PACED RHYTHM,0,,,
1lead_V5,ATRIAL-PACED RHYTHM,0,,,
1lead_V5,T WAVE AMPLITUDE HAS INCREASED IN,0,,,
1lead_V5,WITH QRS WIDENING,322,0.4952,0.03,0.5181
1lead_V5,WITH 1ST DEGREE AV BLOCK,79,0.8201,0.01,0.6515
1lead_V5,PROLONGED QT,0,,,
1lead_V5,WITH PROLONGED AV CONDUCTION,0,,,
1lead_V5,RIGHT VENTRICULAR HYPERTROPHY,12,,,
1lead_V5,WITH QRS WIDENING AND REPOLARIZATION ABNORMALITY,0,,,
1lead_V5,ATRIAL-SENSED VENTRICULAR-PACED RHYTHM,0,,,
1lead_V5,AV SEQUENTIAL OR DUAL CHAMBER ELECTRONIC PACEMAKER,0,,,
1lead_V5,PULMONARY DISEASE PATTERN,0,,,
1lead_V5,ACUTE MI / STEMI,0,,,
1lead_V5,INFERIOR-POSTERIOR INFARCT,0,,,
1lead_V5,NONSPECIFIC INTRAVENTRICULAR CONDUCTION DELAY,0,,,
1lead_V5,PREMATURE VENTRICULAR AND FUSION COMPLEXES,0,,,
1lead_V5,IN A PATTERN OF BIGEMINY,0,,,
1lead_V5,AV DUAL-PACED RHYTHM,0,,,
1lead_V5,SUPRAVENTRICULAR TACHYCARDIA,5,,,
1lead_V5,VENTRICULAR-PACED COMPLEXES,0,,,
1lead_V5,WIDE QRS TACHYCARDIA,0,,,
1lead_V5,RSR' PATTERN IN V1,0,,,
1lead_V5,ST LESS DEPRESSED IN,0,,,
1lead_V5,VENTRICULAR TACHYCARDIA,5,,,
1lead_V5,EARLY REPOLARIZATION,0,,,
1lead_V5,ST MORE DEPRESSED IN,0,,,
1lead_V5,ANTEROLATERAL LEADS,66,0.6414,0.01,0.5941
1lead_V5,ELECTRONIC DEMAND PACING,0,,,
1lead_V5,RBBB AND LEFT ANTERIOR FASCICULAR BLOCK,0,,,
1lead_V5,LATERAL INJURY PATTERN,0,,,
1lead_V5,BIVENTRICULAR PACEMAKER DETECTED,0,,,
1lead_V5,SUSPECT UNSPECIFIED PACEMAKER FAILURE,0,,,
1lead_V5,WOLFF-PARKINSON-WHITE,8,,,
1lead_V5,WITH VENTRICULAR ESCAPE COMPLEXES,0,,,
1lead_V5,INFERIOR INJURY PATTERN,0,,,
1lead_V5,CONSIDER RIGHT VENTRICULAR INVOLVEMENT IN ACUTE INFERIOR INFARCT,0,,,
1lead_V5,ST ELEVATION HAS REPLACED ST DEPRESSION IN,0,,,
1lead_V5,NONSPECIFIC INTRAVENTRICULAR BLOCK,79,0.6008,0.01,0.5177
1lead_V5,MASKED BY FASCICULAR BLOCK,0,,,
1lead_V5,PEDIATRIC ECG ANALYSIS,0,,,
1lead_V5,BLOCKED,0,,,
1lead_V5,WITH UNDETERMINED RHYTHM IRREGULARITY,0,,,
1lead_V5,LEFTWARD AXIS,0,,,
1lead_V5,WITH 2ND DEGREE SA BLOCK MOBITZ I,0,,,
1lead_V5,ACUTE,0,,,
1lead_V5,ABNORMAL LEFT AXIS DEVIATION,0,,,
1lead_V5,WITH COMPLETE HEART BLOCK,0,,,
1lead_V5,NO P-WAVES FOUND,0,,,
1lead_V5,ST LESS ELEVATED IN,0,,,
1lead_V5,WITH RETROGRADE CONDUCTION,0,,,
1lead_V5,ST MORE ELEVATED IN,0,,,
1lead_V5,JUNCTIONAL BRADYCARDIA,0,,,
1lead_V5,WITH VARIABLE AV BLOCK,0,,,
1lead_V5,ANTERIOR INJURY PATTERN,0,,,
1lead_V5,WITH JUNCTIONAL ESCAPE COMPLEXES,0,,,
1lead_V5,ACUTE MI,0,,,
1lead_V5,ACUTE PERICARDITIS,0,,,
1lead_V5,POSTERIOR INFARCT,0,,,
1lead_V5,IDIOVENTRICULAR RHYTHM,0,,,
1lead_V5,WITH 2ND DEGREE SA BLOCK MOBITZ II,0,,,
1lead_V5,R IN AVL,0,,,
1lead_V5,SINUS/ATRIAL CAPTURE,0,,,
1lead_V5,AV DUAL-PACED COMPLEXES,0,,,
1lead_V5,INFEROLATERAL INJURY PATTERN,0,,,
1lead_V5,RBBB AND LEFT POSTERIOR FASCICULAR BLOCK,0,,,
1lead_V5,ANTEROLATERAL INJURY PATTERN,0,,,
1lead_V5,ATRIAL-PACED COMPLEXES,0,,,
1lead_V5,WITH SINUS PAUSE,0,,,
1lead_V5,BIVENTRICULAR HYPERTROPHY,0,,,
1lead_V5,ABNORMAL RIGHT AXIS DEVIATION,0,,,
1lead_V5,SUPRAVENTRICULAR COMPLEXES,0,,,
1lead_V5,WITH 2ND DEGREE AV BLOCK MOBITZ I,0,,,
1lead_V5,WITH 2:1 AV CONDUCTION,0,,,
1lead_V5,WITH AV DISSOCIATION,0,,,
1lead_V5,MULTIFOCAL ATRIAL TACHYCARDIA,0,,,
12lead,ABNORMAL ECG,0,,,
12lead,NORMAL SINUS RHYTHM,0,,,
12lead,NORMAL ECG,963,0.8645,0.03,0.7743
12lead,SINUS RHYTHM,1674,0.7989,0.98,0.7688
12lead,SINUS BRADYCARDIA,64,0.9403,0.94,0.9141
12lead,ATRIAL FIBRILLATION,152,0.9756,0.4,0.9614
12lead,SINUS TACHYCARDIA,82,0.9837,0.92,0.977
12lead,otherwise normal ecg,0,,,
12lead,LEFT AXIS DEVIATION,0,,,
12lead,PREMATURE VENTRICULAR COMPLEXES,114,0.9795,0.24,0.9663
12lead,BORDERLINE ECG,0,,,
12lead,RIGHT BUNDLE BRANCH BLOCK,166,0.9746,0.17,0.9252
12lead,SEPTAL INFARCT,234,0.9456,0.15,0.8955
12lead,LEFT ATRIAL ENLARGEMENT,42,0.8202,0.12,0.742
12lead,NONSPECIFIC T WAVE ABNORMALITY,0,,,
12lead,LOW VOLTAGE QRS,322,0.6126,0.02,0.5879
12lead,PREMATURE ATRIAL COMPLEXES,0,,,
12lead,ANTERIOR INFARCT,35,0.62,0.03,0.6327
12lead,INCOMPLETE RIGHT BUNDLE BRANCH BLOCK,0,,,
12lead,PREMATURE SUPRAVENTRICULAR COMPLEXES,0,,,
12lead,LEFT BUNDLE BRANCH BLOCK,62,0.9837,0.14,0.9739
12lead,NONSPECIFIC T WAVE ABNORMALITY NOW EVIDENT IN,0,,,
12lead,NONSPECIFIC T WAVE ABNORMALITY NO LONGER EVIDENT IN,0,,,
12lead,T WAVE INVERSION NOW EVIDENT IN,0,,,
12lead,LATERAL INFARCT,100,0.8928,0.06,0.8109
12lead,NONSPECIFIC ST ABNORMALITY,0,,,
12lead,LEFT VENTRICULAR HYPERTROPHY,234,0.901,0.12,0.833
12lead,T WAVE INVERSION NO LONGER EVIDENT IN,0,,,
12lead,WITH RAPID VENTRICULAR RESPONSE,0,,,
12lead,QT HAS SHORTENED,0,,,
12lead,QT HAS LENGTHENED,11,,,
12lead,FUSION COMPLEXES,0,,,
12lead,ATRIAL FLUTTER,7,,,
12lead,MARKED SINUS BRADYCARDIA,0,,,
12lead,WITH SINUS ARRHYTHMIA,0,,,
12lead,NONSPECIFIC ST AND T WAVE ABNORMALITY,0,,,
12lead,LEFT ANTERIOR FASCICULAR BLOCK,162,0.9686,0.02,0.9117
12lead,RIGHT AXIS DEVIATION,0,,,
12lead,ECTOPIC ATRIAL RHYTHM,0,,,
12lead,UNDETERMINED RHYTHM,0,,,
12lead,ANTEROSEPTAL INFARCT,234,0.9498,0.08,0.8896
12lead,RIGHTWARD AXIS,0,,,
12lead,ST NOW DEPRESSED IN,0,,,
12lead,WITH SHORT PR,0,,,
12lead,WITH MARKED SINUS ARRHYTHMIA,0,,,
12lead,ST NO LONGER DEPRESSED IN,0,,,
12lead,INVERTED T WAVES HAVE REPLACED NONSPECIFIC T WAVE ABNORMALITY IN,0,,,
12lead,NON-SPECIFIC CHANGE IN ST SEGMENT IN,0,,,
12lead,NONSPECIFIC T WAVE ABNORMALITY HAS REPLACED INVERTED T WAVES IN,0,,,
12lead,JUNCTIONAL RHYTHM,0,,,
12lead,ELECTRONIC ATRIAL PACEMAKER,28,0.8708,0.02,0.8129
12lead,ABERRANT CONDUCTION,0,,,
12lead,ELECTRONIC VENTRICULAR PACEMAKER,0,,,
12lead,T WAVE INVERSION LESS EVIDENT IN,0,,,
12lead,ANTEROLATERAL INFARCT,27,0.9142,0.04,0.8434
12lead,WITH REPOLARIZATION ABNORMALITY,0,,,
12lead,RSR' OR QR PATTERN IN V1 SUGGESTS RIGHT VENTRICULAR CONDUCTION DELAY,0,,,
12lead,T WAVE INVERSION MORE EVIDENT IN,0,,,
12lead,WIDE QRS RHYTHM,0,,,
12lead,WITH PREMATURE VENTRICULAR OR ABERRANTLY CONDUCTED COMPLEXES,0,,,
12lead,RIGHT ATRIAL ENLARGEMENT,10,,,
12lead,INFERIOR INFARCT,267,0.8543,0.01,0.7737
12lead,INCOMPLETE LEFT BUNDLE BRANCH BLOCK,0,,,
12lead,VOLTAGE CRITERIA FOR LEFT VENTRICULAR HYPERTROPHY,0,,,
12lead,OR DIGITALIS EFFECT,0,,,
12lead,BIFASCICULAR BLOCK,0,,,
12lead,ST NO LONGER ELEVATED IN,0,,,
12lead,WITH SLOW VENTRICULAR RESPONSE,0,,,
12lead,ST ELEVATION NOW PRESENT IN,0,,,
12lead,PREMATURE ECTOPIC COMPLEXES,0,,,
12lead,LEFT POSTERIOR FASCICULAR BLOCK,18,,,
12lead,T WAVE AMPLITUDE HAS DECREASED IN,0,,,
12lead,WITH A COMPETING JUNCTIONAL PACEMAKER,0,,,
12lead,RIGHT SUPERIOR AXIS DEVIATION,0,,,
12lead,BIATRIAL ENLARGEMENT,0,,,
12lead,VENTRICULAR-PACED RHYTHM,0,,,
12lead,ATRIAL-PACED RHYTHM,0,,,
12lead,T WAVE AMPLITUDE HAS INCREASED IN,0,,,
12lead,WITH QRS WIDENING,322,0.5282,0.04,0.5235
12lead,WITH 1ST DEGREE AV BLOCK,79,0.9054,0.01,0.7908
12lead,PROLONGED QT,0,,,
12lead,WITH PROLONGED AV CONDUCTION,0,,,
12lead,RIGHT VENTRICULAR HYPERTROPHY,12,,,
12lead,WITH QRS WIDENING AND REPOLARIZATION ABNORMALITY,0,,,
12lead,ATRIAL-SENSED VENTRICULAR-PACED RHYTHM,0,,,
12lead,AV SEQUENTIAL OR DUAL CHAMBER ELECTRONIC PACEMAKER,0,,,
12lead,PULMONARY DISEASE PATTERN,0,,,
12lead,ACUTE MI / STEMI,0,,,
12lead,INFERIOR-POSTERIOR INFARCT,0,,,
12lead,NONSPECIFIC INTRAVENTRICULAR CONDUCTION DELAY,0,,,
12lead,PREMATURE VENTRICULAR AND FUSION COMPLEXES,0,,,
12lead,IN A PATTERN OF BIGEMINY,0,,,
12lead,AV DUAL-PACED RHYTHM,0,,,
12lead,SUPRAVENTRICULAR TACHYCARDIA,5,,,
12lead,VENTRICULAR-PACED COMPLEXES,0,,,
12lead,WIDE QRS TACHYCARDIA,0,,,
12lead,RSR' PATTERN IN V1,0,,,
12lead,ST LESS DEPRESSED IN,0,,,
12lead,VENTRICULAR TACHYCARDIA,5,,,
12lead,EARLY REPOLARIZATION,0,,,
12lead,ST MORE DEPRESSED IN,0,,,
12lead,ANTEROLATERAL LEADS,66,0.8098,0.01,0.7286
12lead,ELECTRONIC DEMAND PACING,0,,,
12lead,RBBB AND LEFT ANTERIOR FASCICULAR BLOCK,0,,,
12lead,LATERAL INJURY PATTERN,0,,,
12lead,BIVENTRICULAR PACEMAKER DETECTED,0,,,
12lead,SUSPECT UNSPECIFIED PACEMAKER FAILURE,0,,,
12lead,WOLFF-PARKINSON-WHITE,8,,,
12lead,WITH VENTRICULAR ESCAPE COMPLEXES,0,,,
12lead,INFERIOR INJURY PATTERN,0,,,
12lead,CONSIDER RIGHT VENTRICULAR INVOLVEMENT IN ACUTE INFERIOR INFARCT,0,,,
12lead,ST ELEVATION HAS REPLACED ST DEPRESSION IN,0,,,
12lead,NONSPECIFIC INTRAVENTRICULAR BLOCK,79,0.7084,0.01,0.5565
12lead,MASKED BY FASCICULAR BLOCK,0,,,
12lead,PEDIATRIC ECG ANALYSIS,0,,,
12lead,BLOCKED,0,,,
12lead,WITH UNDETERMINED RHYTHM IRREGULARITY,0,,,
12lead,LEFTWARD AXIS,0,,,
12lead,WITH 2ND DEGREE SA BLOCK MOBITZ I,0,,,
12lead,ACUTE,0,,,
12lead,ABNORMAL LEFT AXIS DEVIATION,0,,,
12lead,WITH COMPLETE HEART BLOCK,0,,,
12lead,NO P-WAVES FOUND,0,,,
12lead,ST LESS ELEVATED IN,0,,,
12lead,WITH RETROGRADE CONDUCTION,0,,,
12lead,ST MORE ELEVATED IN,0,,,
12lead,JUNCTIONAL BRADYCARDIA,0,,,
12lead,WITH VARIABLE AV BLOCK,0,,,
12lead,ANTERIOR INJURY PATTERN,0,,,
12lead,WITH JUNCTIONAL ESCAPE COMPLEXES,0,,,
12lead,ACUTE MI,0,,,
12lead,ACUTE PERICARDITIS,0,,,
12lead,POSTERIOR INFARCT,0,,,
12lead,IDIOVENTRICULAR RHYTHM,0,,,
12lead,WITH 2ND DEGREE SA BLOCK MOBITZ II,0,,,
12lead,R IN AVL,0,,,
12lead,SINUS/ATRIAL CAPTURE,0,,,
12lead,AV DUAL-PACED COMPLEXES,0,,,
12lead,INFEROLATERAL INJURY PATTERN,0,,,
12lead,RBBB AND LEFT POSTERIOR FASCICULAR BLOCK,0,,,
12lead,ANTEROLATERAL INJURY PATTERN,0,,,
12lead,ATRIAL-PACED COMPLEXES,0,,,
12lead,WITH SINUS PAUSE,0,,,
12lead,BIVENTRICULAR HYPERTROPHY,0,,,
12lead,ABNORMAL RIGHT AXIS DEVIATION,0,,,
12lead,SUPRAVENTRICULAR COMPLEXES,0,,,
12lead,WITH 2ND DEGREE AV BLOCK MOBITZ I,0,,,
12lead,WITH 2:1 AV CONDUCTION,0,,,
12lead,WITH AV DISSOCIATION,0,,,
12lead,MULTIFOCAL ATRIAL TACHYCARDIA,0,,,
12lead_bandpass,ABNORMAL ECG,0,,,
12lead_bandpass,NORMAL SINUS RHYTHM,0,,,
12lead_bandpass,NORMAL ECG,963,0.8692,0.03,0.7822
12lead_bandpass,SINUS RHYTHM,1674,0.7972,0.99,0.7666
12lead_bandpass,SINUS BRADYCARDIA,64,0.9478,0.94,0.9131
12lead_bandpass,ATRIAL FIBRILLATION,152,0.9754,0.36,0.9612
12lead_bandpass,SINUS TACHYCARDIA,82,0.9872,0.93,0.9767
12lead_bandpass,otherwise normal ecg,0,,,
12lead_bandpass,LEFT AXIS DEVIATION,0,,,
12lead_bandpass,PREMATURE VENTRICULAR COMPLEXES,114,0.9838,0.25,0.9656
12lead_bandpass,BORDERLINE ECG,0,,,
12lead_bandpass,RIGHT BUNDLE BRANCH BLOCK,166,0.9777,0.13,0.9317
12lead_bandpass,SEPTAL INFARCT,234,0.9454,0.16,0.8894
12lead_bandpass,LEFT ATRIAL ENLARGEMENT,42,0.8329,0.28,0.7652
12lead_bandpass,NONSPECIFIC T WAVE ABNORMALITY,0,,,
12lead_bandpass,LOW VOLTAGE QRS,322,0.6206,0.02,0.5906
12lead_bandpass,PREMATURE ATRIAL COMPLEXES,0,,,
12lead_bandpass,ANTERIOR INFARCT,35,0.6466,0.03,0.6678
12lead_bandpass,INCOMPLETE RIGHT BUNDLE BRANCH BLOCK,0,,,
12lead_bandpass,PREMATURE SUPRAVENTRICULAR COMPLEXES,0,,,
12lead_bandpass,LEFT BUNDLE BRANCH BLOCK,62,0.9819,0.14,0.9697
12lead_bandpass,NONSPECIFIC T WAVE ABNORMALITY NOW EVIDENT IN,0,,,
12lead_bandpass,NONSPECIFIC T WAVE ABNORMALITY NO LONGER EVIDENT IN,0,,,
12lead_bandpass,T WAVE INVERSION NOW EVIDENT IN,0,,,
12lead_bandpass,LATERAL INFARCT,100,0.8874,0.05,0.8094
12lead_bandpass,NONSPECIFIC ST ABNORMALITY,0,,,
12lead_bandpass,LEFT VENTRICULAR HYPERTROPHY,234,0.9014,0.16,0.8344
12lead_bandpass,T WAVE INVERSION NO LONGER EVIDENT IN,0,,,
12lead_bandpass,WITH RAPID VENTRICULAR RESPONSE,0,,,
12lead_bandpass,QT HAS SHORTENED,0,,,
12lead_bandpass,QT HAS LENGTHENED,11,,,
12lead_bandpass,FUSION COMPLEXES,0,,,
12lead_bandpass,ATRIAL FLUTTER,7,,,
12lead_bandpass,MARKED SINUS BRADYCARDIA,0,,,
12lead_bandpass,WITH SINUS ARRHYTHMIA,0,,,
12lead_bandpass,NONSPECIFIC ST AND T WAVE ABNORMALITY,0,,,
12lead_bandpass,LEFT ANTERIOR FASCICULAR BLOCK,162,0.9727,0.02,0.9143
12lead_bandpass,RIGHT AXIS DEVIATION,0,,,
12lead_bandpass,ECTOPIC ATRIAL RHYTHM,0,,,
12lead_bandpass,UNDETERMINED RHYTHM,0,,,
12lead_bandpass,ANTEROSEPTAL INFARCT,234,0.9453,0.09,0.8802
12lead_bandpass,RIGHTWARD AXIS,0,,,
12lead_bandpass,ST NOW DEPRESSED IN,0,,,
12lead_bandpass,WITH SHORT PR,0,,,
12lead_bandpass,WITH MARKED SINUS ARRHYTHMIA,0,,,
12lead_bandpass,ST NO LONGER DEPRESSED IN,0,,,
12lead_bandpass,INVERTED T WAVES HAVE REPLACED NONSPECIFIC T WAVE ABNORMALITY IN,0,,,
12lead_bandpass,NON-SPECIFIC CHANGE IN ST SEGMENT IN,0,,,
12lead_bandpass,NONSPECIFIC T WAVE ABNORMALITY HAS REPLACED INVERTED T WAVES IN,0,,,
12lead_bandpass,JUNCTIONAL RHYTHM,0,,,
12lead_bandpass,ELECTRONIC ATRIAL PACEMAKER,28,0.8953,0.02,0.8474
12lead_bandpass,ABERRANT CONDUCTION,0,,,
12lead_bandpass,ELECTRONIC VENTRICULAR PACEMAKER,0,,,
12lead_bandpass,T WAVE INVERSION LESS EVIDENT IN,0,,,
12lead_bandpass,ANTEROLATERAL INFARCT,27,0.9124,0.04,0.8411
12lead_bandpass,WITH REPOLARIZATION ABNORMALITY,0,,,
12lead_bandpass,RSR' OR QR PATTERN IN V1 SUGGESTS RIGHT VENTRICULAR CONDUCTION DELAY,0,,,
12lead_bandpass,T WAVE INVERSION MORE EVIDENT IN,0,,,
12lead_bandpass,WIDE QRS RHYTHM,0,,,
12lead_bandpass,WITH PREMATURE VENTRICULAR OR ABERRANTLY CONDUCTED COMPLEXES,0,,,
12lead_bandpass,RIGHT ATRIAL ENLARGEMENT,10,,,
12lead_bandpass,INFERIOR INFARCT,267,0.8707,0.01,0.7295
12lead_bandpass,INCOMPLETE LEFT BUNDLE BRANCH BLOCK,0,,,
12lead_bandpass,VOLTAGE CRITERIA FOR LEFT VENTRICULAR HYPERTROPHY,0,,,
12lead_bandpass,OR DIGITALIS EFFECT,0,,,
12lead_bandpass,BIFASCICULAR BLOCK,0,,,
12lead_bandpass,ST NO LONGER ELEVATED IN,0,,,
12lead_bandpass,WITH SLOW VENTRICULAR RESPONSE,0,,,
12lead_bandpass,ST ELEVATION NOW PRESENT IN,0,,,
12lead_bandpass,PREMATURE ECTOPIC COMPLEXES,0,,,
12lead_bandpass,LEFT POSTERIOR FASCICULAR BLOCK,18,,,
12lead_bandpass,T WAVE AMPLITUDE HAS DECREASED IN,0,,,
12lead_bandpass,WITH A COMPETING JUNCTIONAL PACEMAKER,0,,,
12lead_bandpass,RIGHT SUPERIOR AXIS DEVIATION,0,,,
12lead_bandpass,BIATRIAL ENLARGEMENT,0,,,
12lead_bandpass,VENTRICULAR-PACED RHYTHM,0,,,
12lead_bandpass,ATRIAL-PACED RHYTHM,0,,,
12lead_bandpass,T WAVE AMPLITUDE HAS INCREASED IN,0,,,
12lead_bandpass,WITH QRS WIDENING,322,0.5354,0.01,0.5257
12lead_bandpass,WITH 1ST DEGREE AV BLOCK,79,0.9027,0.01,0.6556
12lead_bandpass,PROLONGED QT,0,,,
12lead_bandpass,WITH PROLONGED AV CONDUCTION,0,,,
12lead_bandpass,RIGHT VENTRICULAR HYPERTROPHY,12,,,
12lead_bandpass,WITH QRS WIDENING AND REPOLARIZATION ABNORMALITY,0,,,
12lead_bandpass,ATRIAL-SENSED VENTRICULAR-PACED RHYTHM,0,,,
12lead_bandpass,AV SEQUENTIAL OR DUAL CHAMBER ELECTRONIC PACEMAKER,0,,,
12lead_bandpass,PULMONARY DISEASE PATTERN,0,,,
12lead_bandpass,ACUTE MI / STEMI,0,,,
12lead_bandpass,INFERIOR-POSTERIOR INFARCT,0,,,
12lead_bandpass,NONSPECIFIC INTRAVENTRICULAR CONDUCTION DELAY,0,,,
12lead_bandpass,PREMATURE VENTRICULAR AND FUSION COMPLEXES,0,,,
12lead_bandpass,IN A PATTERN OF BIGEMINY,0,,,
12lead_bandpass,AV DUAL-PACED RHYTHM,0,,,
12lead_bandpass,SUPRAVENTRICULAR TACHYCARDIA,5,,,
12lead_bandpass,VENTRICULAR-PACED COMPLEXES,0,,,
12lead_bandpass,WIDE QRS TACHYCARDIA,0,,,
12lead_bandpass,RSR' PATTERN IN V1,0,,,
12lead_bandpass,ST LESS DEPRESSED IN,0,,,
12lead_bandpass,VENTRICULAR TACHYCARDIA,5,,,
12lead_bandpass,EARLY REPOLARIZATION,0,,,
12lead_bandpass,ST MORE DEPRESSED IN,0,,,
12lead_bandpass,ANTEROLATERAL LEADS,66,0.831,0.01,0.6416
12lead_bandpass,ELECTRONIC DEMAND PACING,0,,,
12lead_bandpass,RBBB AND LEFT ANTERIOR FASCICULAR BLOCK,0,,,
12lead_bandpass,LATERAL INJURY PATTERN,0,,,
12lead_bandpass,BIVENTRICULAR PACEMAKER DETECTED,0,,,
12lead_bandpass,SUSPECT UNSPECIFIED PACEMAKER FAILURE,0,,,
12lead_bandpass,WOLFF-PARKINSON-WHITE,8,,,
12lead_bandpass,WITH VENTRICULAR ESCAPE COMPLEXES,0,,,
12lead_bandpass,INFERIOR INJURY PATTERN,0,,,
12lead_bandpass,CONSIDER RIGHT VENTRICULAR INVOLVEMENT IN ACUTE INFERIOR INFARCT,0,,,
12lead_bandpass,ST ELEVATION HAS REPLACED ST DEPRESSION IN,0,,,
12lead_bandpass,NONSPECIFIC INTRAVENTRICULAR BLOCK,79,0.7297,0.01,0.5451
12lead_bandpass,MASKED BY FASCICULAR BLOCK,0,,,
12lead_bandpass,PEDIATRIC ECG ANALYSIS,0,,,
12lead_bandpass,BLOCKED,0,,,
12lead_bandpass,WITH UNDETERMINED RHYTHM IRREGULARITY,0,,,
12lead_bandpass,LEFTWARD AXIS,0,,,
12lead_bandpass,WITH 2ND DEGREE SA BLOCK MOBITZ I,0,,,
12lead_bandpass,ACUTE,0,,,
12lead_bandpass,ABNORMAL LEFT AXIS DEVIATION,0,,,
12lead_bandpass,WITH COMPLETE HEART BLOCK,0,,,
12lead_bandpass,NO P-WAVES FOUND,0,,,
12lead_bandpass,ST LESS ELEVATED IN,0,,,
12lead_bandpass,WITH RETROGRADE CONDUCTION,0,,,
12lead_bandpass,ST MORE ELEVATED IN,0,,,
12lead_bandpass,JUNCTIONAL BRADYCARDIA,0,,,
12lead_bandpass,WITH VARIABLE AV BLOCK,0,,,
12lead_bandpass,ANTERIOR INJURY PATTERN,0,,,
12lead_bandpass,WITH JUNCTIONAL ESCAPE COMPLEXES,0,,,
12lead_bandpass,ACUTE MI,0,,,
12lead_bandpass,ACUTE PERICARDITIS,0,,,
12lead_bandpass,POSTERIOR INFARCT,0,,,
12lead_bandpass,IDIOVENTRICULAR RHYTHM,0,,,
12lead_bandpass,WITH 2ND DEGREE SA BLOCK MOBITZ II,0,,,
12lead_bandpass,R IN AVL,0,,,
12lead_bandpass,SINUS/ATRIAL CAPTURE,0,,,
12lead_bandpass,AV DUAL-PACED COMPLEXES,0,,,
12lead_bandpass,INFEROLATERAL INJURY PATTERN,0,,,
12lead_bandpass,RBBB AND LEFT POSTERIOR FASCICULAR BLOCK,0,,,
12lead_bandpass,ANTEROLATERAL INJURY PATTERN,0,,,
12lead_bandpass,ATRIAL-PACED COMPLEXES,0,,,
12lead_bandpass,WITH SINUS PAUSE,0,,,
12lead_bandpass,BIVENTRICULAR HYPERTROPHY,0,,,
12lead_bandpass,ABNORMAL RIGHT AXIS DEVIATION,0,,,
12lead_bandpass,SUPRAVENTRICULAR COMPLEXES,0,,,
12lead_bandpass,WITH 2ND DEGREE AV BLOCK MOBITZ I,0,,,
12lead_bandpass,WITH 2:1 AV CONDUCTION,0,,,
12lead_bandpass,WITH AV DISSOCIATION,0,,,
12lead_bandpass,MULTIFOCAL ATRIAL TACHYCARDIA,0,,,
1lead_II_bandpass,ABNORMAL ECG,0,,,
1lead_II_bandpass,NORMAL SINUS RHYTHM,0,,,
1lead_II_bandpass,NORMAL ECG,963,0.7975,0.02,0.7373
1lead_II_bandpass,SINUS RHYTHM,1674,0.8183,0.99,0.7619
1lead_II_bandpass,SINUS BRADYCARDIA,64,0.9472,0.42,0.9094
1lead_II_bandpass,ATRIAL FIBRILLATION,152,0.9754,0.57,0.9596
1lead_II_bandpass,SINUS TACHYCARDIA,82,0.9818,0.94,0.9737
1lead_II_bandpass,otherwise normal ecg,0,,,
1lead_II_bandpass,LEFT AXIS DEVIATION,0,,,
1lead_II_bandpass,PREMATURE VENTRICULAR COMPLEXES,114,0.9338,0.69,0.8781
1lead_II_bandpass,BORDERLINE ECG,0,,,
1lead_II_bandpass,RIGHT BUNDLE BRANCH BLOCK,166,0.816,0.56,0.7656
1lead_II_bandpass,SEPTAL INFARCT,234,0.7341,0.31,0.695
1lead_II_bandpass,LEFT ATRIAL ENLARGEMENT,42,0.6433,0.75,0.6429
1lead_II_bandpass,NONSPECIFIC T WAVE ABNORMALITY,0,,,
1lead_II_bandpass,LOW VOLTAGE QRS,322,0.6119,0.04,0.5808
1lead_II_bandpass,PREMATURE ATRIAL COMPLEXES,0,,,
1lead_II_bandpass,ANTERIOR INFARCT,35,0.6347,0.16,0.6126
1lead_II_bandpass,INCOMPLETE RIGHT BUNDLE BRANCH BLOCK,0,,,
1lead_II_bandpass,PREMATURE SUPRAVENTRICULAR COMPLEXES,0,,,
1lead_II_bandpass,LEFT BUNDLE BRANCH BLOCK,62,0.9493,0.12,0.888
1lead_II_bandpass,NONSPECIFIC T WAVE ABNORMALITY NOW EVIDENT IN,0,,,
1lead_II_bandpass,NONSPECIFIC T WAVE ABNORMALITY NO LONGER EVIDENT IN,0,,,
1lead_II_bandpass,T WAVE INVERSION NOW EVIDENT IN,0,,,
1lead_II_bandpass,LATERAL INFARCT,100,0.7956,0.34,0.7295
1lead_II_bandpass,NONSPECIFIC ST ABNORMALITY,0,,,
1lead_II_bandpass,LEFT VENTRICULAR HYPERTROPHY,234,0.6586,0.34,0.6196
1lead_II_bandpass,T WAVE INVERSION NO LONGER EVIDENT IN,0,,,
1lead_II_bandpass,WITH RAPID VENTRICULAR RESPONSE,0,,,
1lead_II_bandpass,QT HAS SHORTENED,0,,,
1lead_II_bandpass,QT HAS LENGTHENED,11,,,
1lead_II_bandpass,FUSION COMPLEXES,0,,,
1lead_II_bandpass,ATRIAL FLUTTER,7,,,
1lead_II_bandpass,MARKED SINUS BRADYCARDIA,0,,,
1lead_II_bandpass,WITH SINUS ARRHYTHMIA,0,,,
1lead_II_bandpass,NONSPECIFIC ST AND T WAVE ABNORMALITY,0,,,
1lead_II_bandpass,LEFT ANTERIOR FASCICULAR BLOCK,162,0.4798,0.02,0.535
1lead_II_bandpass,RIGHT AXIS DEVIATION,0,,,
1lead_II_bandpass,ECTOPIC ATRIAL RHYTHM,0,,,
1lead_II_bandpass,UNDETERMINED RHYTHM,0,,,
1lead_II_bandpass,ANTEROSEPTAL INFARCT,234,0.6588,0.14,0.6223
1lead_II_bandpass,RIGHTWARD AXIS,0,,,
1lead_II_bandpass,ST NOW DEPRESSED IN,0,,,
1lead_II_bandpass,WITH SHORT PR,0,,,
1lead_II_bandpass,WITH MARKED SINUS ARRHYTHMIA,0,,,
1lead_II_bandpass,ST NO LONGER DEPRESSED IN,0,,,
1lead_II_bandpass,INVERTED T WAVES HAVE REPLACED NONSPECIFIC T WAVE ABNORMALITY IN,0,,,
1lead_II_bandpass,NON-SPECIFIC CHANGE IN ST SEGMENT IN,0,,,
1lead_II_bandpass,NONSPECIFIC T WAVE ABNORMALITY HAS REPLACED INVERTED T WAVES IN,0,,,
1lead_II_bandpass,JUNCTIONAL RHYTHM,0,,,
1lead_II_bandpass,ELECTRONIC ATRIAL PACEMAKER,28,0.8967,0.02,0.7998
1lead_II_bandpass,ABERRANT CONDUCTION,0,,,
1lead_II_bandpass,ELECTRONIC VENTRICULAR PACEMAKER,0,,,
1lead_II_bandpass,T WAVE INVERSION LESS EVIDENT IN,0,,,
1lead_II_bandpass,ANTEROLATERAL INFARCT,27,0.7872,0.09,0.7402
1lead_II_bandpass,WITH REPOLARIZATION ABNORMALITY,0,,,
1lead_II_bandpass,RSR' OR QR PATTERN IN V1 SUGGESTS RIGHT VENTRICULAR CONDUCTION DELAY,0,,,
1lead_II_bandpass,T WAVE INVERSION MORE EVIDENT IN,0,,,
1lead_II_bandpass,WIDE QRS RHYTHM,0,,,
1lead_II_bandpass,WITH PREMATURE VENTRICULAR OR ABERRANTLY CONDUCTED COMPLEXES,0,,,
1lead_II_bandpass,RIGHT ATRIAL ENLARGEMENT,10,,,
1lead_II_bandpass,INFERIOR INFARCT,267,0.5172,0.01,0.5028
1lead_II_bandpass,INCOMPLETE LEFT BUNDLE BRANCH BLOCK,0,,,
1lead_II_bandpass,VOLTAGE CRITERIA FOR LEFT VENTRICULAR HYPERTROPHY,0,,,
1lead_II_bandpass,OR DIGITALIS EFFECT,0,,,
1lead_II_bandpass,BIFASCICULAR BLOCK,0,,,
1lead_II_bandpass,ST NO LONGER ELEVATED IN,0,,,
1lead_II_bandpass,WITH SLOW VENTRICULAR RESPONSE,0,,,
1lead_II_bandpass,ST ELEVATION NOW PRESENT IN,0,,,
1lead_II_bandpass,PREMATURE ECTOPIC COMPLEXES,0,,,
1lead_II_bandpass,LEFT POSTERIOR FASCICULAR BLOCK,18,,,
1lead_II_bandpass,T WAVE AMPLITUDE HAS DECREASED IN,0,,,
1lead_II_bandpass,WITH A COMPETING JUNCTIONAL PACEMAKER,0,,,
1lead_II_bandpass,RIGHT SUPERIOR AXIS DEVIATION,0,,,
1lead_II_bandpass,BIATRIAL ENLARGEMENT,0,,,
1lead_II_bandpass,VENTRICULAR-PACED RHYTHM,0,,,
1lead_II_bandpass,ATRIAL-PACED RHYTHM,0,,,
1lead_II_bandpass,T WAVE AMPLITUDE HAS INCREASED IN,0,,,
1lead_II_bandpass,WITH QRS WIDENING,322,0.4763,0.92,0.5027
1lead_II_bandpass,WITH 1ST DEGREE AV BLOCK,79,0.8564,0.01,0.5
1lead_II_bandpass,PROLONGED QT,0,,,
1lead_II_bandpass,WITH PROLONGED AV CONDUCTION,0,,,
1lead_II_bandpass,RIGHT VENTRICULAR HYPERTROPHY,12,,,
1lead_II_bandpass,WITH QRS WIDENING AND REPOLARIZATION ABNORMALITY,0,,,
1lead_II_bandpass,ATRIAL-SENSED VENTRICULAR-PACED RHYTHM,0,,,
1lead_II_bandpass,AV SEQUENTIAL OR DUAL CHAMBER ELECTRONIC PACEMAKER,0,,,
1lead_II_bandpass,PULMONARY DISEASE PATTERN,0,,,
1lead_II_bandpass,ACUTE MI / STEMI,0,,,
1lead_II_bandpass,INFERIOR-POSTERIOR INFARCT,0,,,
1lead_II_bandpass,NONSPECIFIC INTRAVENTRICULAR CONDUCTION DELAY,0,,,
1lead_II_bandpass,PREMATURE VENTRICULAR AND FUSION COMPLEXES,0,,,
1lead_II_bandpass,IN A PATTERN OF BIGEMINY,0,,,
1lead_II_bandpass,AV DUAL-PACED RHYTHM,0,,,
1lead_II_bandpass,SUPRAVENTRICULAR TACHYCARDIA,5,,,
1lead_II_bandpass,VENTRICULAR-PACED COMPLEXES,0,,,
1lead_II_bandpass,WIDE QRS TACHYCARDIA,0,,,
1lead_II_bandpass,RSR' PATTERN IN V1,0,,,
1lead_II_bandpass,ST LESS DEPRESSED IN,0,,,
1lead_II_bandpass,VENTRICULAR TACHYCARDIA,5,,,
1lead_II_bandpass,EARLY REPOLARIZATION,0,,,
1lead_II_bandpass,ST MORE DEPRESSED IN,0,,,
1lead_II_bandpass,ANTEROLATERAL LEADS,66,0.5569,0.02,0.5
1lead_II_bandpass,ELECTRONIC DEMAND PACING,0,,,
1lead_II_bandpass,RBBB AND LEFT ANTERIOR FASCICULAR BLOCK,0,,,
1lead_II_bandpass,LATERAL INJURY PATTERN,0,,,
1lead_II_bandpass,BIVENTRICULAR PACEMAKER DETECTED,0,,,
1lead_II_bandpass,SUSPECT UNSPECIFIED PACEMAKER FAILURE,0,,,
1lead_II_bandpass,WOLFF-PARKINSON-WHITE,8,,,
1lead_II_bandpass,WITH VENTRICULAR ESCAPE COMPLEXES,0,,,
1lead_II_bandpass,INFERIOR INJURY PATTERN,0,,,
1lead_II_bandpass,CONSIDER RIGHT VENTRICULAR INVOLVEMENT IN ACUTE INFERIOR INFARCT,0,,,
1lead_II_bandpass,ST ELEVATION HAS REPLACED ST DEPRESSION IN,0,,,
1lead_II_bandpass,NONSPECIFIC INTRAVENTRICULAR BLOCK,79,0.667,0.01,0.5
1lead_II_bandpass,MASKED BY FASCICULAR BLOCK,0,,,
1lead_II_bandpass,PEDIATRIC ECG ANALYSIS,0,,,
1lead_II_bandpass,BLOCKED,0,,,
1lead_II_bandpass,WITH UNDETERMINED RHYTHM IRREGULARITY,0,,,
1lead_II_bandpass,LEFTWARD AXIS,0,,,
1lead_II_bandpass,WITH 2ND DEGREE SA BLOCK MOBITZ I,0,,,
1lead_II_bandpass,ACUTE,0,,,
1lead_II_bandpass,ABNORMAL LEFT AXIS DEVIATION,0,,,
1lead_II_bandpass,WITH COMPLETE HEART BLOCK,0,,,
1lead_II_bandpass,NO P-WAVES FOUND,0,,,
1lead_II_bandpass,ST LESS ELEVATED IN,0,,,
1lead_II_bandpass,WITH RETROGRADE CONDUCTION,0,,,
1lead_II_bandpass,ST MORE ELEVATED IN,0,,,
1lead_II_bandpass,JUNCTIONAL BRADYCARDIA,0,,,
1lead_II_bandpass,WITH VARIABLE AV BLOCK,0,,,
1lead_II_bandpass,ANTERIOR INJURY PATTERN,0,,,
1lead_II_bandpass,WITH JUNCTIONAL ESCAPE COMPLEXES,0,,,
1lead_II_bandpass,ACUTE MI,0,,,
1lead_II_bandpass,ACUTE PERICARDITIS,0,,,
1lead_II_bandpass,POSTERIOR INFARCT,0,,,
1lead_II_bandpass,IDIOVENTRICULAR RHYTHM,0,,,
1lead_II_bandpass,WITH 2ND DEGREE SA BLOCK MOBITZ II,0,,,
1lead_II_bandpass,R IN AVL,0,,,
1lead_II_bandpass,SINUS/ATRIAL CAPTURE,0,,,
1lead_II_bandpass,AV DUAL-PACED COMPLEXES,0,,,
1lead_II_bandpass,INFEROLATERAL INJURY PATTERN,0,,,
1lead_II_bandpass,RBBB AND LEFT POSTERIOR FASCICULAR BLOCK,0,,,
1lead_II_bandpass,ANTEROLATERAL INJURY PATTERN,0,,,
1lead_II_bandpass,ATRIAL-PACED COMPLEXES,0,,,
1lead_II_bandpass,WITH SINUS PAUSE,0,,,
1lead_II_bandpass,BIVENTRICULAR HYPERTROPHY,0,,,
1lead_II_bandpass,ABNORMAL RIGHT AXIS DEVIATION,0,,,
1lead_II_bandpass,SUPRAVENTRICULAR COMPLEXES,0,,,
1lead_II_bandpass,WITH 2ND DEGREE AV BLOCK MOBITZ I,0,,,
1lead_II_bandpass,WITH 2:1 AV CONDUCTION,0,,,
1lead_II_bandpass,WITH AV DISSOCIATION,0,,,
1lead_II_bandpass,MULTIFOCAL ATRIAL TACHYCARDIA,0,,,
